TransactionKey,TransactionID,DateKey,SenderAccountKey,ReceiverAccountKey,ChannelKey,CountryKey,Amount,SenderBalanceBefore,SenderBalanceAfter,IsSuspicious,SuspiciousRuleCode
1,TX0000001,2025-12-20,140,112,1,3,19290.82,65743.6,46452.78,0,
2,TX0000002,2025-08-13,83,106,3,2,19903.47,52432.39,32528.92,0,
3,TX0000003,2025-10-29,31,66,3,1,4571.48,21541.95,16970.47,0,
4,TX0000004,2025-04-28,59,2,1,1,1512.76,33104.8,31592.04,0,
5,TX0000005,2025-09-06,88,19,1,3,10331.71,24327.73,13996.02,0,
6,TX0000006,2025-07-28,35,126,1,1,4935.65,28637.0,23701.35,0,
7,TX0000007,2025-01-28,25,114,3,3,7150.52,27764.52,20614.0,0,
8,TX0000008,2025-02-25,26,16,1,1,8112.16,25143.36,17031.2,0,
9,TX0000009,2025-05-23,51,143,2,1,9027.41,30179.3,21151.89,0,
10,TX0000010,2025-02-20,20,117,1,3,16179.64,58992.39,42812.75,0,
11,TX0000011,2025-05-02,144,4,1,2,19383.03,65708.74,46325.71,0,
12,TX0000012,2025-01-31,129,128,1,2,4353.57,24465.48,20111.91,0,
13,TX0000013,2025-08-21,1,103,2,2,5377.54,44602.66,39225.12,0,
14,TX0000014,2025-01-30,148,129,3,3,3180.46,18086.18,14905.72,0,
15,TX0000015,2025-10-27,144,16,2,3,14984.71,17937.26,2952.55,0,
16,TX0000016,2025-04-06,140,42,1,3,1231.9,26672.54,25440.64,0,
17,TX0000017,2025-10-19,18,63,1,3,8135.13,55220.78,47085.65,0,
18,TX0000018,2025-09-25,11,21,2,2,8442.58,37667.83,29225.25,0,
19,TX0000019,2025-12-10,55,84,3,2,4849.85,24699.56,19849.71,0,
20,TX0000020,2025-01-05,121,84,2,3,18587.46,65380.6,46793.14,0,
21,TX0000021,2025-05-16,150,26,1,2,1557.89,12294.29,10736.4,0,
22,TX0000022,2025-10-06,18,65,3,2,7453.59,15425.16,7971.57,0,
23,TX0000023,2025-12-06,140,3,1,1,13390.48,41165.13,27774.65,0,
24,TX0000024,2025-03-21,71,30,2,2,17805.28,54951.87,37146.59,0,
25,TX0000025,2025-05-16,56,91,3,2,4151.59,35900.06,31748.47,0,
26,TX0000026,2025-05-22,67,14,1,1,1936.74,23173.17,21236.43,0,
27,TX0000027,2025-08-15,89,35,3,3,12778.56,25950.13,13171.57,0,
28,TX0000028,2025-12-20,113,149,1,3,292.43,4147.1,3854.67,0,
29,TX0000029,2025-03-07,10,98,1,2,11691.94,19181.82,7489.88,0,
30,TX0000030,2025-05-08,97,11,3,1,17988.6,28571.42,10582.82,0,
31,TX0000031,2025-11-14,94,149,3,1,17694.28,38072.51,20378.23,0,
32,TX0000032,2025-07-31,63,44,1,1,19526.5,60084.01,40557.51,0,
33,TX0000033,2025-05-08,89,109,2,1,16064.48,59281.28,43216.8,0,
34,TX0000034,2025-04-24,28,101,1,2,17456.12,60399.92,42943.8,0,
35,TX0000035,2025-04-25,93,82,1,3,16428.67,60007.69,43579.02,0,
36,TX0000036,2025-05-23,52,106,2,3,6632.41,49863.62,43231.21,0,
37,TX0000037,2025-06-19,135,106,1,1,13622.41,55821.1,42198.69,0,
38,TX0000038,2025-01-20,70,48,1,3,11653.74,60832.91,49179.17,0,
39,TX0000039,2025-11-07,115,92,3,1,14598.05,30350.55,15752.5,0,
40,TX0000040,2025-01-01,102,51,3,3,5168.98,40637.37,35468.39,0,
41,TX0000041,2025-06-19,53,97,3,2,8682.82,56131.66,47448.84,0,
42,TX0000042,2025-06-17,32,80,2,3,10191.74,43569.7,33377.96,0,
43,TX0000043,2025-07-14,79,147,3,3,2633.03,23713.3,21080.27,0,
44,TX0000044,2025-06-05,47,81,2,1,8180.9,49883.79,41702.89,0,
45,TX0000045,2025-04-20,114,86,3,2,9353.26,31517.03,22163.77,0,
46,TX0000046,2025-11-14,46,22,2,1,5747.35,38973.66,33226.31,0,
47,TX0000047,2025-01-13,63,83,1,1,4570.35,14606.93,10036.58,0,
48,TX0000048,2025-10-22,126,19,1,3,9162.78,53481.01,44318.23,0,
49,TX0000049,2025-12-19,102,131,1,1,8053.09,15516.9,7463.81,0,
50,TX0000050,2025-09-23,112,59,2,1,3600.14,51502.65,47902.51,0,
51,TX0000051,2025-03-10,148,66,2,3,18357.65,24513.44,6155.79,0,
52,TX0000052,2025-08-15,140,149,3,3,11949.5,59456.48,47506.98,0,
53,TX0000053,2025-03-23,134,113,3,2,16628.33,44067.14,27438.81,0,
54,TX0000054,2025-05-22,119,70,3,2,15060.36,57069.52,42009.16,0,
55,TX0000055,2025-05-01,64,74,2,2,8853.46,44559.35,35705.89,0,
56,TX0000056,2025-07-16,85,144,3,1,1703.5,9329.95,7626.45,0,
57,TX0000057,2025-08-27,57,17,2,1,8355.87,24966.85,16610.98,0,
58,TX0000058,2025-12-23,55,111,1,3,7850.59,46363.4,38512.81,0,
59,TX0000059,2025-07-19,101,127,2,3,217.33,17870.09,17652.76,0,
60,TX0000060,2025-09-06,145,59,1,2,9815.77,23535.24,13719.47,0,
61,TX0000061,2025-03-07,90,107,3,3,14511.21,56552.44,42041.23,0,
62,TX0000062,2025-02-12,7,104,3,2,11878.67,45062.36,33183.69,0,
63,TX0000063,2025-06-17,36,123,1,2,3716.41,16798.21,13081.8,0,
64,TX0000064,2025-08-04,87,90,2,1,15248.47,34266.87,19018.4,0,
65,TX0000065,2025-06-29,125,5,1,3,15005.58,17704.65,2699.07,0,
66,TX0000066,2025-04-13,18,11,1,3,15109.24,62594.87,47485.63,0,
67,TX0000067,2025-10-16,41,64,1,2,2611.8,36117.8,33506.0,0,
68,TX0000068,2025-02-28,69,98,1,2,3439.0,33840.65,30401.65,0,
69,TX0000069,2025-07-12,28,7,2,3,18584.85,47417.11,28832.26,0,
70,TX0000070,2025-05-05,53,20,1,3,11882.75,53428.27,41545.52,0,
71,TX0000071,2025-01-22,81,31,2,3,15944.92,44284.95,28340.03,0,
72,TX0000072,2025-01-07,113,98,2,2,1472.24,33884.65,32412.41,0,
73,TX0000073,2025-08-24,28,114,3,1,19219.67,51035.37,31815.7,0,
74,TX0000074,2025-05-19,115,48,3,3,14702.53,62979.67,48277.14,0,
75,TX0000075,2025-05-18,128,124,2,1,8767.93,45346.14,36578.21,0,
76,TX0000076,2025-08-26,23,75,3,3,17644.46,29913.25,12268.79,0,
77,TX0000077,2025-04-04,101,90,2,1,671.13,43233.68,42562.55,0,
78,TX0000078,2025-12-26,94,70,2,3,6872.74,50900.71,44027.97,0,
79,TX0000079,2025-07-28,3,137,2,3,18966.45,23338.54,4372.09,0,
80,TX0000080,2025-01-09,64,126,1,2,12953.47,37545.45,24591.98,0,
81,TX0000081,2025-10-25,59,107,2,2,13866.56,29246.24,15379.68,0,
82,TX0000082,2025-10-09,147,140,2,2,6940.77,56772.68,49831.91,0,
83,TX0000083,2025-04-09,120,73,2,1,6201.8,17805.65,11603.85,0,
84,TX0000084,2025-05-22,143,50,3,3,3911.67,40868.04,36956.37,0,
85,TX0000085,2025-06-01,139,76,1,2,19612.16,61260.32,41648.16,0,
86,TX0000086,2025-05-21,48,81,1,1,381.55,27134.89,26753.34,0,
87,TX0000087,2025-09-09,147,78,1,1,13978.61,20379.96,6401.35,0,
88,TX0000088,2025-01-27,76,125,2,2,9626.41,26727.64,17101.23,0,
89,TX0000089,2025-11-19,30,17,3,1,8074.08,11870.78,3796.7,0,
90,TX0000090,2025-05-08,40,150,1,3,18987.6,23338.13,4350.53,0,
91,TX0000091,2025-08-15,110,60,2,3,15536.3,34617.16,19080.86,0,
92,TX0000092,2025-02-20,113,82,1,3,11415.73,14521.22,3105.49,0,
93,TX0000093,2025-03-30,57,71,3,1,13242.52,21179.67,7937.15,0,
94,TX0000094,2025-08-29,42,1,2,1,8229.5,42729.12,34499.62,0,
95,TX0000095,2025-08-21,62,77,1,3,14168.42,49347.5,35179.08,0,
96,TX0000096,2025-12-05,62,71,1,2,15777.78,47068.17,31290.39,0,
97,TX0000097,2025-05-17,30,145,1,1,4573.71,12108.28,7534.57,0,
98,TX0000098,2025-10-19,16,45,2,2,15873.31,45666.01,29792.7,0,
99,TX0000099,2025-05-20,32,124,3,3,13804.69,48821.4,35016.71,0,
100,TX0000100,2025-08-10,131,116,3,2,1700.79,3789.84,2089.05,0,
101,TX0000101,2025-10-22,67,7,3,1,1917.41,50016.77,48099.36,0,
102,TX0000102,2025-09-23,72,11,3,2,15285.87,24127.89,8842.02,0,
103,TX0000103,2025-09-09,75,49,1,2,19939.21,41789.87,21850.66,0,
104,TX0000104,2025-03-24,93,108,2,2,6732.84,40272.5,33539.66,0,
105,TX0000105,2025-10-09,131,77,1,2,13285.41,33367.98,20082.57,0,
106,TX0000106,2025-07-26,23,84,3,1,5122.74,11007.23,5884.49,0,
107,TX0000107,2025-07-05,144,123,3,2,8323.63,17784.0,9460.37,0,
108,TX0000108,2025-05-28,117,14,2,3,4150.81,31656.87,27506.06,0,
109,TX0000109,2025-05-03,129,32,3,1,674.5,32212.61,31538.11,0,
110,TX0000110,2025-04-26,83,147,1,2,372.12,20830.86,20458.74,0,
111,TX0000111,2025-09-18,31,41,3,2,10017.67,45876.18,35858.51,0,
112,TX0000112,2025-10-10,110,128,1,2,19606.87,31869.04,12262.17,0,
113,TX0000113,2025-02-05,51,135,2,2,14951.22,21862.99,6911.77,0,
114,TX0000114,2025-06-02,91,134,3,3,5416.74,5644.75,228.01,0,
115,TX0000115,2025-06-20,130,40,3,3,8986.29,33254.93,24268.64,0,
116,TX0000116,2025-12-24,100,120,1,3,18663.76,62156.88,43493.12,0,
117,TX0000117,2025-06-12,102,62,3,2,17134.66,37732.34,20597.68,0,
118,TX0000118,2025-11-30,101,102,1,2,19769.44,59409.88,39640.44,0,
119,TX0000119,2025-02-21,10,34,2,1,10095.59,39645.59,29550.0,0,
120,TX0000120,2025-12-02,139,120,1,1,405.42,7698.78,7293.36,0,
121,TX0000121,2025-11-29,125,71,1,2,6837.37,41503.33,34665.96,0,
122,TX0000122,2025-09-07,142,101,3,1,19087.38,50464.66,31377.28,0,
123,TX0000123,2025-04-27,18,63,3,1,12660.1,58714.46,46054.36,0,
124,TX0000124,2025-02-21,115,26,2,1,15231.36,50455.51,35224.15,0,
125,TX0000125,2025-05-31,80,8,2,2,1015.22,40842.78,39827.56,0,
126,TX0000126,2025-12-16,114,39,1,1,4959.53,25620.91,20661.38,0,
127,TX0000127,2025-12-16,47,21,1,2,12228.89,31417.85,19188.96,0,
128,TX0000128,2025-05-11,38,62,3,1,9276.88,22050.35,12773.47,0,
129,TX0000129,2025-08-15,124,77,2,3,13584.46,21567.44,7982.98,0,
130,TX0000130,2025-06-04,80,112,1,2,13837.24,36733.35,22896.11,0,
131,TX0000131,2025-10-22,128,28,2,3,4820.39,33459.33,28638.94,0,
132,TX0000132,2025-05-21,79,6,1,3,19561.1,52506.77,32945.67,0,
133,TX0000133,2025-04-28,13,132,3,2,16673.49,61829.94,45156.45,0,
134,TX0000134,2025-12-04,59,51,3,1,12455.73,46376.18,33920.45,0,
135,TX0000135,2025-10-24,25,11,2,3,6247.76,28344.84,22097.08,0,
136,TX0000136,2025-08-01,35,24,1,1,18201.59,34604.87,16403.28,0,
137,TX0000137,2025-09-14,35,144,2,1,17541.57,35897.86,18356.29,0,
138,TX0000138,2025-06-23,69,128,1,2,19350.94,34178.5,14827.56,0,
139,TX0000139,2025-12-13,20,38,3,3,15107.61,26465.78,11358.17,0,
140,TX0000140,2025-01-08,105,148,2,3,7378.92,46933.95,39555.03,0,
141,TX0000141,2025-05-15,32,120,3,2,7434.85,44910.53,37475.68,0,
142,TX0000142,2025-11-14,99,28,3,2,13529.25,37155.95,23626.7,0,
143,TX0000143,2025-12-25,59,17,2,3,12744.54,36011.49,23266.95,0,
144,TX0000144,2025-06-05,108,30,2,1,2881.56,50200.01,47318.45,0,
145,TX0000145,2025-08-21,25,63,2,3,17756.46,24626.1,6869.64,0,
146,TX0000146,2025-08-01,144,111,3,1,11788.07,48145.37,36357.3,0,
147,TX0000147,2025-12-20,130,108,2,1,18787.16,32846.19,14059.03,0,
148,TX0000148,2025-12-18,117,63,2,3,17123.46,22181.26,5057.8,0,
149,TX0000149,2025-03-04,95,16,2,1,8022.98,17594.43,9571.45,0,
150,TX0000150,2025-03-06,57,6,3,1,1106.51,17848.62,16742.11,0,
151,TX0000151,2025-04-30,18,147,2,1,4222.43,15098.4,10875.97,0,
152,TX0000152,2025-03-08,1,74,3,2,17182.28,24502.21,7319.93,0,
153,TX0000153,2025-01-08,47,29,2,1,13255.05,14641.48,1386.43,0,
154,TX0000154,2025-08-04,86,5,3,1,3567.5,6282.21,2714.71,0,
155,TX0000155,2025-10-31,17,126,1,2,9020.68,27186.42,18165.74,0,
156,TX0000156,2025-12-04,133,59,3,2,18913.77,21177.69,2263.92,0,
157,TX0000157,2025-07-25,121,8,2,3,1310.43,25311.63,24001.2,0,
158,TX0000158,2025-02-11,28,130,2,3,14276.79,36510.55,22233.76,0,
159,TX0000159,2025-10-27,39,17,3,3,2611.21,33864.65,31253.44,0,
160,TX0000160,2025-08-21,87,101,3,3,19893.09,46467.88,26574.79,0,
161,TX0000161,2025-12-02,114,26,3,3,15882.61,21691.87,5809.26,0,
162,TX0000162,2025-06-23,58,114,2,2,9085.94,20587.77,11501.83,0,
163,TX0000163,2025-05-11,110,25,2,1,6319.71,22014.64,15694.93,0,
164,TX0000164,2025-08-10,126,18,1,3,1915.37,6275.05,4359.68,0,
165,TX0000165,2025-10-15,99,35,3,2,11171.78,40536.39,29364.61,0,
166,TX0000166,2025-08-05,32,109,3,1,7136.6,40437.09,33300.49,0,
167,TX0000167,2025-04-19,77,83,1,3,7097.76,36035.89,28938.13,0,
168,TX0000168,2025-10-12,128,60,2,1,16960.77,34531.46,17570.69,0,
169,TX0000169,2025-11-15,75,60,3,3,16163.71,58436.95,42273.24,0,
170,TX0000170,2025-12-22,148,7,2,1,12219.0,45144.78,32925.78,0,
171,TX0000171,2025-06-23,49,73,2,1,14083.71,29602.05,15518.34,0,
172,TX0000172,2025-03-14,49,38,3,3,11369.79,31468.93,20099.14,0,
173,TX0000173,2025-08-03,8,24,2,2,14947.62,25782.75,10835.13,0,
174,TX0000174,2025-10-18,42,98,3,1,6301.58,22588.29,16286.71,0,
175,TX0000175,2025-12-12,14,41,1,2,3232.46,34162.59,30930.13,0,
176,TX0000176,2025-05-20,117,112,1,3,9764.67,31922.67,22158.0,0,
177,TX0000177,2025-12-14,30,92,3,2,8655.28,22889.28,14234.0,0,
178,TX0000178,2025-11-03,139,82,1,1,1003.81,20827.45,19823.64,0,
179,TX0000179,2025-05-11,55,81,2,2,18911.95,57302.69,38390.74,0,
180,TX0000180,2025-03-08,31,2,2,3,9997.97,31587.66,21589.69,0,
181,TX0000181,2025-07-01,61,133,1,2,11218.6,44654.2,33435.6,0,
182,TX0000182,2025-06-10,11,115,3,2,472.96,46538.97,46066.01,0,
183,TX0000183,2025-06-16,107,110,1,3,5861.35,26172.46,20311.11,0,
184,TX0000184,2025-05-05,121,96,2,3,1853.78,44093.55,42239.77,0,
185,TX0000185,2025-06-23,106,139,1,2,1665.08,45204.25,43539.17,0,
186,TX0000186,2025-09-19,46,20,1,2,10258.62,16048.55,5789.93,0,
187,TX0000187,2025-04-12,93,39,1,3,4801.75,12209.32,7407.57,0,
188,TX0000188,2025-09-10,41,20,2,3,3625.21,42290.33,38665.12,0,
189,TX0000189,2025-06-15,118,150,3,2,12895.54,62223.48,49327.94,0,
190,TX0000190,2025-06-05,40,116,2,3,1458.9,23625.08,22166.18,0,
191,TX0000191,2025-08-20,15,94,1,1,10196.0,25785.35,15589.35,0,
192,TX0000192,2025-02-16,98,77,3,3,1626.95,44853.03,43226.08,0,
193,TX0000193,2025-01-22,134,102,2,3,9307.96,37068.35,27760.39,0,
194,TX0000194,2025-02-01,51,86,2,1,12139.62,37257.85,25118.23,0,
195,TX0000195,2025-05-07,91,22,3,2,10140.53,18851.22,8710.69,0,
196,TX0000196,2025-07-10,116,139,2,2,10502.69,18524.13,8021.44,0,
197,TX0000197,2025-11-20,108,90,3,2,13610.06,16323.1,2713.04,0,
198,TX0000198,2025-05-26,17,88,2,3,1980.67,35931.8,33951.13,0,
199,TX0000199,2025-06-29,40,89,2,3,1721.89,34936.13,33214.24,0,
200,TX0000200,2025-06-08,104,35,3,2,11941.32,58847.63,46906.31,0,
201,TX0000201,2025-12-17,88,34,3,1,13435.32,54900.37,41465.05,0,
202,TX0000202,2025-04-03,112,135,1,2,7300.38,25494.0,18193.62,0,
203,TX0000203,2025-02-09,129,52,2,1,4608.21,11572.72,6964.51,0,
204,TX0000204,2025-01-20,134,144,3,2,16718.88,60914.62,44195.74,0,
205,TX0000205,2025-12-21,35,100,3,1,3169.63,12293.84,9124.21,0,
206,TX0000206,2025-05-02,116,12,2,3,8276.09,42126.6,33850.51,0,
207,TX0000207,2025-08-29,76,118,1,2,4756.66,16791.17,12034.51,0,
208,TX0000208,2025-09-15,116,123,3,2,15411.83,54340.22,38928.39,0,
209,TX0000209,2025-05-09,44,54,1,3,16045.06,23051.15,7006.09,0,
210,TX0000210,2025-09-22,128,99,1,2,11135.36,16354.59,5219.23,0,
211,TX0000211,2025-03-17,22,44,2,1,5528.55,50803.33,45274.78,0,
212,TX0000212,2025-08-01,59,119,1,2,17704.13,64234.68,46530.55,0,
213,TX0000213,2025-07-11,133,99,1,1,4791.98,54518.8,49726.82,0,
214,TX0000214,2025-03-16,85,26,1,1,16799.61,49332.65,32533.04,0,
215,TX0000215,2025-12-28,77,125,2,2,13951.83,20977.59,7025.76,0,
216,TX0000216,2025-03-18,2,21,3,3,478.18,11339.35,10861.17,0,
217,TX0000217,2025-06-04,140,112,1,1,2312.62,16788.89,14476.27,0,
218,TX0000218,2025-02-02,64,111,1,2,12815.14,43993.39,31178.25,0,
219,TX0000219,2025-03-15,143,5,2,2,12675.9,41470.77,28794.87,0,
220,TX0000220,2025-12-07,1,94,3,1,4887.23,25773.95,20886.72,0,
221,TX0000221,2025-09-17,139,96,3,3,1446.82,27797.19,26350.37,0,
222,TX0000222,2025-07-18,6,103,2,2,17479.3,19751.67,2272.37,0,
223,TX0000223,2025-12-03,5,95,3,1,15791.55,33097.19,17305.64,0,
224,TX0000224,2025-11-26,89,36,1,3,982.28,28328.37,27346.09,0,
225,TX0000225,2025-02-02,123,127,3,2,12671.54,53265.27,40593.73,0,
226,TX0000226,2025-01-22,10,79,2,2,4111.66,43688.01,39576.35,0,
227,TX0000227,2025-05-10,136,105,1,3,19783.54,46980.77,27197.23,0,
228,TX0000228,2025-12-02,51,77,2,2,7203.79,46267.78,39063.99,0,
229,TX0000229,2025-08-14,32,98,2,2,8795.33,28856.42,20061.09,0,
230,TX0000230,2025-09-23,50,132,2,1,13872.16,32302.77,18430.61,0,
231,TX0000231,2025-04-03,112,21,3,2,8669.08,58424.48,49755.4,0,
232,TX0000232,2025-06-06,86,27,2,3,1693.37,34773.24,33079.87,0,
233,TX0000233,2025-01-22,113,45,3,2,13826.32,31468.51,17642.19,0,
234,TX0000234,2025-01-30,115,74,1,3,12825.44,52420.18,39594.74,0,
235,TX0000235,2025-03-23,107,97,1,1,10310.41,47830.32,37519.91,0,
236,TX0000236,2025-11-27,116,9,2,2,2611.98,14488.15,11876.17,0,
237,TX0000237,2025-07-09,102,9,2,2,12141.39,46126.59,33985.2,0,
238,TX0000238,2025-11-29,20,37,2,1,10636.25,30598.15,19961.9,0,
239,TX0000239,2025-07-18,30,7,3,1,14739.93,39742.22,25002.29,0,
240,TX0000240,2025-11-10,71,70,2,3,14110.35,24917.41,10807.06,0,
241,TX0000241,2025-08-20,130,54,1,3,2540.48,45196.51,42656.03,0,
242,TX0000242,2025-06-13,117,23,3,2,16229.21,64610.52,48381.31,0,
243,TX0000243,2025-03-22,17,146,3,3,10889.21,55466.66,44577.45,0,
244,TX0000244,2025-04-13,47,96,1,1,10224.24,16380.23,6155.99,0,
245,TX0000245,2025-08-28,131,7,3,1,7281.84,35938.48,28656.64,0,
246,TX0000246,2025-09-03,23,17,3,2,6254.89,56234.68,49979.79,0,
247,TX0000247,2025-02-07,108,19,2,2,2594.0,18513.68,15919.68,0,
248,TX0000248,2025-10-10,137,92,3,3,2653.86,44123.64,41469.78,0,
249,TX0000249,2025-01-29,49,35,1,3,8709.1,54253.64,45544.54,0,
250,TX0000250,2025-12-30,41,81,1,2,3376.68,19577.45,16200.77,0,
251,TX0000251,2025-11-22,137,76,3,2,16934.08,29539.28,12605.2,0,
252,TX0000252,2025-11-25,34,81,1,3,12327.12,17089.2,4762.08,0,
253,TX0000253,2025-11-06,41,46,2,3,13208.78,49268.36,36059.58,0,
254,TX0000254,2025-10-23,11,8,2,3,1716.33,49148.82,47432.49,0,
255,TX0000255,2025-11-18,56,110,3,2,12400.36,14011.63,1611.27,0,
256,TX0000256,2025-07-27,81,128,2,2,4973.07,45359.8,40386.73,0,
257,TX0000257,2025-08-26,19,16,1,2,3245.8,24085.33,20839.53,0,
258,TX0000258,2025-06-26,38,84,2,1,17243.55,33277.44,16033.89,0,
259,TX0000259,2025-08-27,98,136,1,2,11276.86,27300.74,16023.88,0,
260,TX0000260,2025-07-16,119,66,3,2,2903.46,5528.66,2625.2,0,
261,TX0000261,2025-06-10,66,42,1,1,16288.21,62982.41,46694.2,0,
262,TX0000262,2025-09-12,132,136,1,1,9389.62,53355.5,43965.88,0,
263,TX0000263,2025-10-26,104,134,2,1,9198.89,21311.25,12112.36,0,
264,TX0000264,2025-12-01,13,76,3,2,9948.39,54077.13,44128.74,0,
265,TX0000265,2025-03-10,77,143,2,3,262.73,5726.83,5464.1,0,
266,TX0000266,2025-10-19,97,107,3,1,7382.15,27471.17,20089.02,0,
267,TX0000267,2025-08-19,96,147,3,2,5843.17,25221.98,19378.81,0,
268,TX0000268,2025-06-23,31,34,3,2,19504.15,39259.95,19755.8,0,
269,TX0000269,2025-01-21,38,53,1,1,12089.01,32218.23,20129.22,0,
270,TX0000270,2025-03-18,37,89,3,3,16098.92,42113.62,26014.7,0,
271,TX0000271,2025-07-21,37,87,3,3,18634.24,34628.89,15994.65,0,
272,TX0000272,2025-09-08,80,90,3,3,10195.57,35730.3,25534.73,0,
273,TX0000273,2025-12-11,80,126,1,2,16333.4,34814.45,18481.05,0,
274,TX0000274,2025-12-02,82,7,3,3,11978.5,25328.47,13349.97,0,
275,TX0000275,2025-11-19,61,14,3,3,11712.11,20320.66,8608.55,0,
276,TX0000276,2025-10-21,101,39,3,1,16451.06,28636.67,12185.61,0,
277,TX0000277,2025-07-31,51,5,3,1,8876.67,29873.81,20997.14,0,
278,TX0000278,2025-02-01,109,133,3,1,15521.95,61555.95,46034.0,0,
279,TX0000279,2025-09-02,137,56,3,2,11261.65,61167.98,49906.33,0,
280,TX0000280,2025-10-07,84,47,2,3,9247.3,35950.34,26703.04,0,
281,TX0000281,2025-10-13,71,128,2,1,3926.06,16327.36,12401.3,0,
282,TX0000282,2025-09-08,80,77,2,2,14127.53,48670.5,34542.97,0,
283,TX0000283,2025-05-21,93,149,2,1,18680.64,58471.37,39790.73,0,
284,TX0000284,2025-06-26,145,101,1,2,17925.63,37712.8,19787.17,0,
285,TX0000285,2025-08-15,11,77,3,2,19110.74,23154.31,4043.57,0,
286,TX0000286,2025-10-15,127,57,3,2,4121.15,31096.19,26975.04,0,
287,TX0000287,2025-05-05,37,28,1,3,12351.97,41734.81,29382.84,0,
288,TX0000288,2025-07-31,140,60,2,3,12795.1,15514.41,2719.31,0,
289,TX0000289,2025-10-09,125,26,1,2,13655.72,20615.33,6959.61,0,
290,TX0000290,2025-05-28,126,127,2,2,13045.72,50865.68,37819.96,0,
291,TX0000291,2025-01-20,16,23,1,2,13080.74,24768.53,11687.79,0,
292,TX0000292,2025-09-11,48,10,1,3,19943.72,39853.75,19910.03,0,
293,TX0000293,2025-02-24,78,10,2,2,284.42,28725.72,28441.3,0,
294,TX0000294,2025-03-10,120,145,3,2,10533.94,55008.01,44474.07,0,
295,TX0000295,2025-08-23,73,52,3,2,16195.4,32796.54,16601.14,0,
296,TX0000296,2025-10-18,50,4,3,1,14758.7,54318.01,39559.31,0,
297,TX0000297,2025-02-14,47,107,2,3,16557.1,42369.6,25812.5,0,
298,TX0000298,2025-05-08,25,50,1,2,19635.54,43560.5,23924.96,0,
299,TX0000299,2025-06-18,102,63,2,3,8990.04,22413.06,13423.02,0,
300,TX0000300,2025-02-01,3,70,3,1,13108.3,47777.45,34669.15,0,
301,TX0000301,2025-12-27,124,82,2,3,3278.36,37613.43,34335.07,0,
302,TX0000302,2025-03-10,31,79,2,1,7414.12,18534.5,11120.38,0,
303,TX0000303,2025-08-30,120,99,3,3,8375.33,35882.13,27506.8,0,
304,TX0000304,2025-02-11,58,66,3,2,13638.8,43469.94,29831.14,0,
305,TX0000305,2025-02-01,140,96,3,3,1654.24,29906.26,28252.02,0,
306,TX0000306,2025-09-24,54,143,2,1,3082.06,19555.13,16473.07,0,
307,TX0000307,2025-01-29,55,130,2,1,1909.74,27477.47,25567.73,0,
308,TX0000308,2025-08-25,136,110,3,2,9190.29,12171.36,2981.07,0,
309,TX0000309,2025-04-22,6,105,3,1,5163.7,5414.17,250.47,0,
310,TX0000310,2025-01-31,12,112,1,2,6956.12,10237.74,3281.62,0,
311,TX0000311,2025-11-25,9,77,3,3,8236.45,46708.16,38471.71,0,
312,TX0000312,2025-07-13,111,99,2,1,19857.85,39043.58,19185.73,0,
313,TX0000313,2025-04-02,144,36,3,2,13105.33,30559.05,17453.72,0,
314,TX0000314,2025-01-02,140,34,1,2,14584.38,25796.62,11212.24,0,
315,TX0000315,2025-04-28,123,145,1,2,8540.15,27566.05,19025.9,0,
316,TX0000316,2025-02-27,92,41,1,3,5585.43,52462.21,46876.78,0,
317,TX0000317,2025-11-01,111,5,1,2,4889.26,8347.08,3457.82,0,
318,TX0000318,2025-04-30,13,65,3,1,14836.77,35009.81,20173.04,0,
319,TX0000319,2025-10-22,15,37,2,3,10127.53,24661.78,14534.25,0,
320,TX0000320,2025-12-05,86,63,3,1,6105.11,13353.81,7248.7,0,
321,TX0000321,2025-10-30,109,80,3,1,5575.56,33455.79,27880.23,0,
322,TX0000322,2025-11-26,113,148,3,2,9962.85,58580.13,48617.28,0,
323,TX0000323,2025-06-03,139,85,2,1,13956.54,34428.67,20472.13,0,
324,TX0000324,2025-12-29,143,126,1,2,4895.27,16239.96,11344.69,0,
325,TX0000325,2025-09-29,15,149,1,2,8312.28,29196.02,20883.74,0,
326,TX0000326,2025-08-19,65,69,2,1,4146.4,36517.02,32370.62,0,
327,TX0000327,2025-11-06,143,51,3,1,1125.58,20046.26,18920.68,0,
328,TX0000328,2025-12-10,19,51,3,1,16112.55,45532.98,29420.43,0,
329,TX0000329,2025-01-08,127,56,1,1,17402.53,34117.45,16714.92,0,
330,TX0000330,2025-12-27,31,127,1,2,18297.38,53109.13,34811.75,0,
331,TX0000331,2025-08-27,64,147,3,3,6500.14,20724.79,14224.65,0,
332,TX0000332,2025-09-12,95,82,2,1,5305.08,30994.63,25689.55,0,
333,TX0000333,2025-07-31,125,85,1,3,18295.18,36893.36,18598.18,0,
334,TX0000334,2025-10-27,59,39,3,3,422.78,28133.03,27710.25,0,
335,TX0000335,2025-07-14,110,79,3,1,3132.99,19693.27,16560.28,0,
336,TX0000336,2025-05-12,132,146,2,3,13126.7,47400.55,34273.85,0,
337,TX0000337,2025-03-28,130,121,1,3,3447.85,43217.13,39769.28,0,
338,TX0000338,2025-11-25,145,130,1,3,3762.55,48241.84,44479.29,0,
339,TX0000339,2025-01-04,9,20,2,1,18909.24,52353.2,33443.96,0,
340,TX0000340,2025-09-16,62,18,2,2,14172.67,14728.83,556.16,0,
341,TX0000341,2025-09-30,16,128,3,2,13219.76,14104.78,885.02,0,
342,TX0000342,2025-05-27,4,5,1,3,10635.41,24444.97,13809.56,0,
343,TX0000343,2025-03-18,114,48,1,1,2229.63,7135.69,4906.06,0,
344,TX0000344,2025-07-23,139,67,1,2,16322.77,29762.27,13439.5,0,
345,TX0000345,2025-04-26,107,121,2,3,11343.54,60856.17,49512.63,0,
346,TX0000346,2025-10-10,21,9,2,1,1960.66,20985.93,19025.27,0,
347,TX0000347,2025-11-27,3,46,2,3,1745.45,44027.41,42281.96,0,
348,TX0000348,2025-12-21,25,140,3,2,18391.13,29956.48,11565.35,0,
349,TX0000349,2025-05-24,73,12,3,3,18490.77,52743.76,34252.99,0,
350,TX0000350,2025-04-17,9,48,3,1,18582.45,34375.24,15792.79,0,
351,TX0000351,2025-10-18,105,20,2,3,6055.61,34297.12,28241.51,0,
352,TX0000352,2025-12-19,144,88,3,1,7738.54,44751.82,37013.28,0,
353,TX0000353,2025-02-08,133,92,2,3,1168.56,23079.26,21910.7,0,
354,TX0000354,2025-08-19,105,87,2,1,689.55,14428.57,13739.02,0,
355,TX0000355,2025-12-15,95,147,3,3,18828.74,40477.95,21649.21,0,
356,TX0000356,2025-05-07,101,22,3,1,15466.13,30305.57,14839.44,0,
357,TX0000357,2025-11-21,22,72,1,3,3169.0,38781.69,35612.69,0,
358,TX0000358,2025-06-07,103,85,2,2,7277.93,11944.8,4666.87,0,
359,TX0000359,2025-08-18,73,27,3,3,2736.89,12187.74,9450.85,0,
360,TX0000360,2025-10-11,136,108,1,3,2155.53,6727.51,4571.98,0,
361,TX0000361,2025-02-13,87,102,3,3,345.58,21094.7,20749.12,0,
362,TX0000362,2025-03-13,65,138,2,2,3474.7,22573.23,19098.53,0,
363,TX0000363,2025-05-22,72,131,2,2,3004.1,11447.75,8443.65,0,
364,TX0000364,2025-11-17,128,20,2,3,7286.39,54503.08,47216.69,0,
365,TX0000365,2025-07-22,53,121,2,3,2228.75,17531.18,15302.43,0,
366,TX0000366,2025-11-30,101,88,3,1,8860.44,30448.19,21587.75,0,
367,TX0000367,2025-09-03,80,86,2,1,12103.9,46898.99,34795.09,0,
368,TX0000368,2025-09-09,105,85,3,1,5899.82,40678.21,34778.39,0,
369,TX0000369,2025-07-06,87,100,1,3,5677.97,44992.71,39314.74,0,
370,TX0000370,2025-01-14,54,145,3,2,3680.55,42084.68,38404.13,0,
371,TX0000371,2025-02-05,56,116,2,3,15973.94,57554.9,41580.96,0,
372,TX0000372,2025-12-04,132,37,1,3,12703.39,24880.25,12176.86,0,
373,TX0000373,2025-09-03,112,100,3,2,1571.91,51107.87,49535.96,0,
374,TX0000374,2025-08-03,142,134,3,1,18477.57,61972.29,43494.72,0,
375,TX0000375,2025-02-25,96,143,1,3,11917.02,57645.64,45728.62,0,
376,TX0000376,2025-11-27,94,45,3,3,12975.3,15285.71,2310.41,0,
377,TX0000377,2025-01-06,106,88,1,2,19317.76,40897.49,21579.73,0,
378,TX0000378,2025-12-19,59,135,3,1,14962.38,42906.25,27943.87,0,
379,TX0000379,2025-10-29,118,99,3,3,7883.57,46523.45,38639.88,0,
380,TX0000380,2025-06-01,40,92,2,1,19954.28,44144.56,24190.28,0,
381,TX0000381,2025-04-16,30,38,3,2,7031.74,24250.77,17219.03,0,
382,TX0000382,2025-08-20,93,126,2,1,2042.7,38170.2,36127.5,0,
383,TX0000383,2025-06-25,80,12,3,1,16222.7,22065.45,5842.75,0,
384,TX0000384,2025-06-19,45,65,3,2,10368.28,38008.6,27640.32,0,
385,TX0000385,2025-04-06,123,62,3,3,15975.34,47500.38,31525.04,0,
386,TX0000386,2025-04-12,114,105,2,3,680.93,31424.87,30743.94,0,
387,TX0000387,2025-05-23,113,103,3,1,188.56,11006.89,10818.33,0,
388,TX0000388,2025-08-23,27,143,1,2,3820.5,20187.15,16366.65,0,
389,TX0000389,2025-07-18,130,140,3,2,19321.74,35060.61,15738.87,0,
390,TX0000390,2025-03-30,30,93,3,3,7104.5,30051.74,22947.24,0,
391,TX0000391,2025-05-03,80,22,2,1,13474.99,29202.96,15727.97,0,
392,TX0000392,2025-08-03,49,99,3,1,13899.39,39489.55,25590.16,0,
393,TX0000393,2025-12-22,102,112,3,1,3796.5,35608.03,31811.53,0,
394,TX0000394,2025-06-11,148,45,2,3,9843.88,16944.68,7100.8,0,
395,TX0000395,2025-04-10,14,95,2,3,19041.65,43323.64,24281.99,0,
396,TX0000396,2025-12-30,134,131,2,2,8241.77,32878.89,24637.12,0,
397,TX0000397,2025-04-23,45,22,2,1,11351.42,51165.88,39814.46,0,
398,TX0000398,2025-08-23,74,60,3,3,10798.41,19292.04,8493.63,0,
399,TX0000399,2025-05-18,131,146,3,2,10265.04,38943.47,28678.43,0,
400,TX0000400,2025-04-22,144,11,2,1,15224.08,37348.27,22124.19,0,
401,TX0000401,2025-05-15,66,80,2,1,17508.72,19217.02,1708.3,0,
402,TX0000402,2025-10-29,116,31,3,2,15535.07,27458.68,11923.61,0,
403,TX0000403,2025-04-16,113,45,1,3,12361.41,51625.39,39263.98,0,
404,TX0000404,2025-06-15,93,142,3,2,5693.59,32678.14,26984.55,0,
405,TX0000405,2025-12-14,78,72,1,1,19052.71,44822.02,25769.31,0,
406,TX0000406,2025-03-06,109,16,3,1,19850.48,63216.15,43365.67,0,
407,TX0000407,2025-12-13,66,39,2,2,14256.76,55698.0,41441.24,0,
408,TX0000408,2025-02-08,38,72,3,1,12593.48,31414.58,18821.1,0,
409,TX0000409,2025-07-08,107,136,2,2,15021.07,49786.78,34765.71,0,
410,TX0000410,2025-02-17,87,1,3,2,17391.26,59764.91,42373.65,0,
411,TX0000411,2025-08-08,95,17,1,2,15933.99,35880.01,19946.02,0,
412,TX0000412,2025-10-23,72,86,1,3,16584.04,33538.02,16953.98,0,
413,TX0000413,2025-01-24,129,91,1,3,17893.68,56030.16,38136.48,0,
414,TX0000414,2025-08-14,121,5,2,1,2572.32,45469.13,42896.81,0,
415,TX0000415,2025-11-29,113,54,2,1,19914.31,65393.73,45479.42,0,
416,TX0000416,2025-07-10,74,24,3,3,13126.3,25720.72,12594.42,0,
417,TX0000417,2025-12-25,45,14,1,2,7987.2,23332.11,15344.91,0,
418,TX0000418,2025-03-09,24,25,3,1,121.62,24014.27,23892.65,0,
419,TX0000419,2025-03-03,137,117,2,3,284.81,35095.11,34810.3,0,
420,TX0000420,2025-02-22,35,127,1,2,1509.48,20724.67,19215.19,0,
421,TX0000421,2025-03-10,98,80,3,3,2828.87,41524.55,38695.68,0,
422,TX0000422,2025-11-29,38,18,1,2,10657.11,11180.0,522.89,0,
423,TX0000423,2025-07-30,93,57,3,3,12598.79,20252.36,7653.57,0,
424,TX0000424,2025-03-05,117,58,3,3,1825.09,6938.3,5113.21,0,
425,TX0000425,2025-03-13,102,93,1,2,19268.65,35062.38,15793.73,0,
426,TX0000426,2025-11-08,22,66,2,3,11112.59,41152.98,30040.39,0,
427,TX0000427,2025-04-07,7,81,3,2,4188.37,34574.02,30385.65,0,
428,TX0000428,2025-05-03,79,14,2,2,15697.65,55407.17,39709.52,0,
429,TX0000429,2025-09-28,29,64,1,2,10041.69,39778.79,29737.1,0,
430,TX0000430,2025-08-04,85,35,2,3,7798.08,49762.85,41964.77,0,
431,TX0000431,2025-01-09,47,125,3,1,19093.61,57634.93,38541.32,0,
432,TX0000432,2025-07-23,4,71,3,2,4393.28,50529.99,46136.71,0,
433,TX0000433,2025-11-24,133,110,3,3,8529.15,28702.79,20173.64,0,
434,TX0000434,2025-04-15,41,75,1,3,1763.58,5806.76,4043.18,0,
435,TX0000435,2025-11-29,87,104,3,3,11770.1,49954.98,38184.88,0,
436,TX0000436,2025-05-03,17,83,1,1,14003.65,50528.57,36524.92,0,
437,TX0000437,2025-01-29,23,115,2,3,2408.13,33061.74,30653.61,0,
438,TX0000438,2025-01-06,47,31,1,2,352.03,7298.9,6946.87,0,
439,TX0000439,2025-05-13,92,138,1,2,10392.73,51535.82,41143.09,0,
440,TX0000440,2025-01-16,34,72,2,2,14685.42,20676.45,5991.03,0,
441,TX0000441,2025-10-23,73,139,3,1,1371.05,37015.98,35644.93,0,
442,TX0000442,2025-10-18,132,120,1,2,10264.56,13130.97,2866.41,0,
443,TX0000443,2025-12-12,42,69,3,1,15489.25,60213.24,44723.99,0,
444,TX0000444,2025-01-07,61,135,1,1,151.11,43099.69,42948.58,0,
445,TX0000445,2025-01-19,125,97,3,3,7721.29,15310.51,7589.22,0,
446,TX0000446,2025-06-13,111,60,2,1,6503.86,27375.06,20871.2,0,
447,TX0000447,2025-04-02,99,31,1,3,10090.61,55197.47,45106.86,0,
448,TX0000448,2025-05-25,12,106,2,2,1471.64,24779.84,23308.2,0,
449,TX0000449,2025-05-30,23,147,3,2,9189.25,27698.33,18509.08,0,
450,TX0000450,2025-04-11,65,123,3,3,7428.65,56024.35,48595.7,0,
451,TX0000451,2025-04-30,65,40,3,2,226.92,20787.72,20560.8,0,
452,TX0000452,2025-06-07,3,89,1,1,129.09,33028.55,32899.46,0,
453,TX0000453,2025-03-14,140,63,3,2,8454.34,56517.47,48063.13,0,
454,TX0000454,2025-09-24,24,12,2,3,18433.36,63308.0,44874.64,0,
455,TX0000455,2025-02-18,99,121,3,1,19493.64,23830.27,4336.63,0,
456,TX0000456,2025-12-06,104,20,1,1,11878.73,15086.64,3207.91,0,
457,TX0000457,2025-07-21,78,70,3,3,17033.18,63342.67,46309.49,0,
458,TX0000458,2025-04-14,87,85,1,3,9109.88,20867.08,11757.2,0,
459,TX0000459,2025-06-10,28,41,2,1,2202.59,24735.97,22533.38,0,
460,TX0000460,2025-06-07,143,95,2,2,19296.23,29757.28,10461.05,0,
461,TX0000461,2025-12-27,31,24,3,3,3236.55,37570.69,34334.14,0,
462,TX0000462,2025-02-16,11,58,3,1,16734.9,33191.8,16456.9,0,
463,TX0000463,2025-05-14,95,105,1,1,10317.85,44209.3,33891.45,0,
464,TX0000464,2025-02-18,107,119,2,1,11163.48,38714.51,27551.03,0,
465,TX0000465,2025-04-24,37,32,1,1,337.94,41873.52,41535.58,0,
466,TX0000466,2025-02-13,106,99,3,3,13757.08,60642.07,46884.99,0,
467,TX0000467,2025-11-27,70,20,2,1,533.82,3850.97,3317.15,0,
468,TX0000468,2025-01-26,24,88,1,3,2538.3,49658.1,47119.8,0,
469,TX0000469,2025-08-07,114,105,1,2,9972.92,29171.12,19198.2,0,
470,TX0000470,2025-03-18,57,50,1,3,5572.14,27928.11,22355.97,0,
471,TX0000471,2025-09-03,65,79,1,1,10027.94,54178.59,44150.65,0,
472,TX0000472,2025-09-27,75,102,1,3,2831.0,12883.94,10052.94,0,
473,TX0000473,2025-07-03,145,5,2,3,19789.13,58906.73,39117.6,0,
474,TX0000474,2025-07-18,129,92,2,1,18262.27,43431.69,25169.42,0,
475,TX0000475,2025-05-24,7,85,1,2,11982.62,13544.86,1562.24,0,
476,TX0000476,2025-03-23,140,95,1,1,15360.16,65340.49,49980.33,0,
477,TX0000477,2025-01-29,64,72,1,3,10720.42,50303.16,39582.74,0,
478,TX0000478,2025-03-30,103,94,1,1,18710.6,68288.54,49577.94,0,
479,TX0000479,2025-12-25,85,95,2,3,18288.2,19795.71,1507.51,0,
480,TX0000480,2025-09-10,150,38,3,2,11305.87,20798.73,9492.86,0,
481,TX0000481,2025-11-05,47,130,1,1,855.48,3758.26,2902.78,0,
482,TX0000482,2025-04-14,139,127,1,2,113.6,46016.62,45903.02,0,
483,TX0000483,2025-12-27,48,86,1,1,1285.16,8755.99,7470.83,0,
484,TX0000484,2025-12-06,139,97,2,3,19215.12,37957.3,18742.18,0,
485,TX0000485,2025-03-22,26,90,3,2,6105.13,13014.07,6908.94,0,
486,TX0000486,2025-12-22,129,85,3,2,3566.63,52006.9,48440.27,0,
487,TX0000487,2025-05-31,60,47,1,1,7629.84,44356.19,36726.35,0,
488,TX0000488,2025-10-18,1,104,1,1,17030.06,55594.5,38564.44,0,
489,TX0000489,2025-09-12,85,59,1,2,12828.97,18124.07,5295.1,0,
490,TX0000490,2025-11-22,20,63,1,3,7001.52,23045.5,16043.98,0,
491,TX0000491,2025-12-21,89,118,1,2,326.77,10890.02,10563.25,0,
492,TX0000492,2025-08-13,69,28,3,2,14436.23,16938.79,2502.56,0,
493,TX0000493,2025-10-07,45,109,2,1,9912.33,28910.09,18997.76,0,
494,TX0000494,2025-01-18,127,60,2,1,3336.86,7114.96,3778.1,0,
495,TX0000495,2025-03-29,85,70,2,1,19038.08,22840.68,3802.6,0,
496,TX0000496,2025-06-23,20,146,3,3,18842.5,67746.77,48904.27,0,
497,TX0000497,2025-11-07,128,8,2,1,8683.33,41399.73,32716.4,0,
498,TX0000498,2025-07-29,14,26,3,3,6688.78,55411.26,48722.48,0,
499,TX0000499,2025-02-19,144,71,1,2,13245.9,28186.19,14940.29,0,
500,TX0000500,2025-08-07,146,130,1,2,3156.44,21261.8,18105.36,0,
501,TX0000501,2025-11-23,127,54,2,1,2030.04,12456.99,10426.95,0,
502,TX0000502,2025-09-08,126,30,3,2,6236.23,26169.85,19933.62,0,
503,TX0000503,2025-07-15,24,145,2,1,7811.79,26425.71,18613.92,0,
504,TX0000504,2025-04-26,118,12,2,3,5339.59,28645.98,23306.39,0,
505,TX0000505,2025-02-13,16,40,3,2,15069.48,48476.16,33406.68,0,
506,TX0000506,2025-10-11,144,109,1,2,19417.04,48944.39,29527.35,0,
507,TX0000507,2025-09-01,138,111,3,1,19315.99,53700.68,34384.69,0,
508,TX0000508,2025-01-18,126,80,3,3,1671.21,46819.79,45148.58,0,
509,TX0000509,2025-03-30,137,39,1,1,2493.61,40377.33,37883.72,0,
510,TX0000510,2025-12-16,52,34,2,1,949.25,4959.84,4010.59,0,
511,TX0000511,2025-02-04,39,70,1,2,6463.01,42845.45,36382.44,0,
512,TX0000512,2025-09-24,148,105,2,1,11085.88,53931.43,42845.55,0,
513,TX0000513,2025-10-18,138,111,3,3,2339.12,9906.27,7567.15,0,
514,TX0000514,2025-05-27,26,28,3,2,11297.41,16436.83,5139.42,0,
515,TX0000515,2025-11-08,109,71,2,1,7722.57,32053.25,24330.68,0,
516,TX0000516,2025-12-15,47,74,3,2,8119.18,39069.58,30950.4,0,
517,TX0000517,2025-05-02,10,105,1,3,17802.53,34444.08,16641.55,0,
518,TX0000518,2025-06-05,126,72,2,2,17950.92,19060.54,1109.62,0,
519,TX0000519,2025-06-03,130,26,3,2,19452.68,30927.75,11475.07,0,
520,TX0000520,2025-02-15,86,72,1,2,14603.11,44891.57,30288.46,0,
521,TX0000521,2025-07-11,57,108,1,3,14844.8,52843.52,37998.72,0,
522,TX0000522,2025-03-11,42,17,3,3,6291.35,31680.43,25389.08,0,
523,TX0000523,2025-01-30,8,47,1,1,3935.99,45599.19,41663.2,0,
524,TX0000524,2025-05-21,120,13,2,2,18368.82,53630.05,35261.23,0,
525,TX0000525,2025-01-16,134,105,1,2,12744.66,19025.92,6281.26,0,
526,TX0000526,2025-10-28,130,118,3,2,3633.92,47170.91,43536.99,0,
527,TX0000527,2025-12-19,92,44,1,2,16769.31,29776.44,13007.13,0,
528,TX0000528,2025-04-20,8,102,1,3,1088.06,43793.74,42705.68,0,
529,TX0000529,2025-01-11,60,55,3,1,5454.76,25989.17,20534.41,0,
530,TX0000530,2025-01-05,126,35,1,2,12982.69,43079.67,30096.98,0,
531,TX0000531,2025-06-28,82,74,2,2,8533.76,27419.89,18886.13,0,
532,TX0000532,2025-11-16,58,124,2,3,6112.69,32192.52,26079.83,0,
533,TX0000533,2025-07-11,27,2,3,3,10279.12,43430.66,33151.54,0,
534,TX0000534,2025-06-22,76,80,2,3,13719.82,37858.57,24138.75,0,
535,TX0000535,2025-11-30,87,74,2,1,5296.82,40880.4,35583.58,0,
536,TX0000536,2025-11-04,40,137,2,3,15332.94,60327.32,44994.38,0,
537,TX0000537,2025-06-01,85,37,2,2,14453.54,47258.03,32804.49,0,
538,TX0000538,2025-10-20,107,103,1,2,14760.97,43953.85,29192.88,0,
539,TX0000539,2025-12-10,59,142,2,3,12802.44,36641.63,23839.19,0,
540,TX0000540,2025-04-03,80,46,2,1,16828.71,60665.8,43837.09,0,
541,TX0000541,2025-10-14,125,34,1,3,14844.29,51131.1,36286.81,0,
542,TX0000542,2025-06-07,89,23,2,2,4522.84,15766.9,11244.06,0,
543,TX0000543,2025-03-02,99,70,2,1,11752.86,34994.52,23241.66,0,
544,TX0000544,2025-12-15,19,125,2,3,17799.58,42873.4,25073.82,0,
545,TX0000545,2025-03-12,80,109,1,2,1175.83,43902.39,42726.56,0,
546,TX0000546,2025-04-03,108,121,1,2,2950.16,46083.62,43133.46,0,
547,TX0000547,2025-08-20,89,48,2,1,6336.94,9331.82,2994.88,0,
548,TX0000548,2025-02-15,46,42,1,3,9842.58,48044.68,38202.1,0,
549,TX0000549,2025-07-16,115,113,1,1,8127.53,56397.39,48269.86,0,
550,TX0000550,2025-06-14,142,54,3,1,14640.12,62148.54,47508.42,0,
551,TX0000551,2025-12-22,5,2,2,2,12571.07,25087.34,12516.27,0,
552,TX0000552,2025-03-27,35,27,1,1,7732.65,37207.32,29474.67,0,
553,TX0000553,2025-09-26,80,78,2,2,9172.93,35235.32,26062.39,0,
554,TX0000554,2025-04-07,36,91,1,2,19923.16,44483.08,24559.92,0,
555,TX0000555,2025-04-19,5,61,3,1,4564.0,53809.49,49245.49,0,
556,TX0000556,2025-01-20,134,46,2,3,2550.92,38135.31,35584.39,0,
557,TX0000557,2025-01-25,69,142,3,1,12500.38,42237.19,29736.81,0,
558,TX0000558,2025-07-14,6,13,1,3,13826.02,34723.12,20897.1,0,
559,TX0000559,2025-12-18,67,126,3,1,14067.18,24421.38,10354.2,0,
560,TX0000560,2025-05-19,81,111,3,3,13267.13,46425.03,33157.9,0,
561,TX0000561,2025-11-13,37,111,1,2,16629.99,21965.21,5335.22,0,
562,TX0000562,2025-05-15,30,28,3,1,10005.01,40494.2,30489.19,0,
563,TX0000563,2025-09-12,95,108,1,3,5977.49,8043.83,2066.34,0,
564,TX0000564,2025-02-15,128,88,1,3,4766.65,5502.85,736.2,0,
565,TX0000565,2025-02-08,131,40,3,3,18993.98,57992.34,38998.36,0,
566,TX0000566,2025-06-01,26,69,2,2,12922.3,35814.19,22891.89,0,
567,TX0000567,2025-05-29,13,26,2,3,16282.25,60001.86,43719.61,0,
568,TX0000568,2025-01-24,84,113,1,1,14796.95,19637.37,4840.42,0,
569,TX0000569,2025-11-15,46,88,2,3,7214.8,29156.75,21941.95,0,
570,TX0000570,2025-07-25,24,99,2,2,16317.79,25542.97,9225.18,0,
571,TX0000571,2025-08-04,73,102,3,1,13829.06,37793.49,23964.43,0,
572,TX0000572,2025-03-23,29,35,1,2,13953.78,16980.24,3026.46,0,
573,TX0000573,2025-07-03,128,116,3,1,3707.09,22756.65,19049.56,0,
574,TX0000574,2025-07-30,35,128,2,1,18415.92,24151.5,5735.58,0,
575,TX0000575,2025-12-14,17,70,3,3,13133.97,13850.74,716.77,0,
576,TX0000576,2025-06-23,150,60,3,3,19560.12,53085.35,33525.23,0,
577,TX0000577,2025-06-27,25,114,3,3,13268.09,25772.08,12503.99,0,
578,TX0000578,2025-11-10,102,40,1,1,16796.76,44758.14,27961.38,0,
579,TX0000579,2025-03-26,42,134,1,2,16992.03,59600.4,42608.37,0,
580,TX0000580,2025-09-17,86,64,1,3,6684.81,20664.85,13980.04,0,
581,TX0000581,2025-08-16,100,107,3,2,16360.36,20394.01,4033.65,0,
582,TX0000582,2025-09-12,23,132,3,3,8996.66,15020.13,6023.47,0,
583,TX0000583,2025-10-09,5,27,1,1,8128.45,10016.46,1888.01,0,
584,TX0000584,2025-08-22,81,135,2,2,11290.42,44054.76,32764.34,0,
585,TX0000585,2025-11-14,14,60,3,2,16901.92,33567.35,16665.43,0,
586,TX0000586,2025-04-24,97,119,1,2,2369.06,40359.13,37990.07,0,
587,TX0000587,2025-02-24,94,78,1,1,10999.04,29756.17,18757.13,0,
588,TX0000588,2025-07-29,131,37,1,2,16454.59,53605.88,37151.29,0,
589,TX0000589,2025-04-21,53,51,2,1,2502.84,45127.34,42624.5,0,
590,TX0000590,2025-11-21,90,28,3,3,15167.27,17587.64,2420.37,0,
591,TX0000591,2025-09-16,32,119,1,2,9202.02,38708.9,29506.88,0,
592,TX0000592,2025-08-10,2,140,3,2,14750.66,42456.65,27705.99,0,
593,TX0000593,2025-03-07,135,48,1,2,13867.17,22632.32,8765.15,0,
594,TX0000594,2025-11-08,86,134,3,1,17639.67,38631.04,20991.37,0,
595,TX0000595,2025-08-20,74,105,1,1,19275.51,67803.04,48527.53,0,
596,TX0000596,2025-06-10,109,136,3,3,6048.37,41152.94,35104.57,0,
597,TX0000597,2025-05-29,147,58,3,2,4097.69,35343.65,31245.96,0,
598,TX0000598,2025-06-15,35,48,3,1,10127.48,44873.65,34746.17,0,
599,TX0000599,2025-12-08,94,149,3,2,9659.36,38234.21,28574.85,0,
600,TX0000600,2025-01-07,142,77,3,1,17561.8,38738.88,21177.08,0,
601,TX0000601,2025-04-13,7,101,2,1,2992.0,36537.68,33545.68,0,
602,TX0000602,2025-06-01,77,67,1,3,3013.92,6209.36,3195.44,0,
603,TX0000603,2025-12-12,9,95,3,3,16299.12,21512.87,5213.75,0,
604,TX0000604,2025-12-23,60,149,2,3,7838.84,33433.86,25595.02,0,
605,TX0000605,2025-12-17,13,101,2,3,7812.34,55651.77,47839.43,0,
606,TX0000606,2025-08-15,14,4,1,3,14899.03,25133.08,10234.05,0,
607,TX0000607,2025-04-10,98,145,2,2,14795.16,24698.97,9903.81,0,
608,TX0000608,2025-09-21,48,20,1,2,3820.83,12593.21,8772.38,0,
609,TX0000609,2025-03-24,11,113,3,2,5654.33,18939.89,13285.56,0,
610,TX0000610,2025-01-21,2,88,1,2,9379.99,56260.96,46880.97,0,
611,TX0000611,2025-07-03,14,81,1,3,9861.96,38538.54,28676.58,0,
612,TX0000612,2025-02-04,85,139,3,1,4477.24,13752.31,9275.07,0,
613,TX0000613,2025-04-24,110,145,1,3,10787.02,15475.1,4688.08,0,
614,TX0000614,2025-11-13,88,96,3,2,5942.13,53462.51,47520.38,0,
615,TX0000615,2025-05-04,149,3,3,3,2382.97,19748.73,17365.76,0,
616,TX0000616,2025-02-28,65,11,2,2,13682.77,29797.53,16114.76,0,
617,TX0000617,2025-07-11,144,76,3,3,591.64,26483.34,25891.7,0,
618,TX0000618,2025-04-09,118,129,2,3,972.65,45896.9,44924.25,0,
619,TX0000619,2025-10-03,22,25,3,1,3431.16,51249.34,47818.18,0,
620,TX0000620,2025-12-17,17,56,2,1,13439.67,52141.43,38701.76,0,
621,TX0000621,2025-08-11,55,143,3,1,16592.1,60536.1,43944.0,0,
622,TX0000622,2025-02-14,41,7,1,1,9238.58,25891.18,16652.6,0,
623,TX0000623,2025-04-27,48,67,2,2,11205.88,39996.5,28790.62,0,
624,TX0000624,2025-01-09,103,119,2,3,12641.32,34349.27,21707.95,0,
625,TX0000625,2025-02-02,31,142,3,3,217.39,36259.65,36042.26,0,
626,TX0000626,2025-05-29,12,19,3,2,7218.23,32409.79,25191.56,0,
627,TX0000627,2025-07-22,23,76,3,1,15328.96,37269.0,21940.04,0,
628,TX0000628,2025-07-20,126,42,3,2,10716.01,17621.44,6905.43,0,
629,TX0000629,2025-11-28,38,80,2,1,13578.05,59295.08,45717.03,0,
630,TX0000630,2025-10-21,147,148,3,2,2913.34,5097.82,2184.48,0,
631,TX0000631,2025-06-26,143,146,1,2,18944.89,34248.98,15304.09,0,
632,TX0000632,2025-05-10,136,38,1,1,3302.99,14420.31,11117.32,0,
633,TX0000633,2025-10-09,49,14,2,3,17042.62,63667.88,46625.26,0,
634,TX0000634,2025-02-20,146,19,1,3,5883.99,9345.39,3461.4,0,
635,TX0000635,2025-05-01,129,88,1,2,7207.05,40804.7,33597.65,0,
636,TX0000636,2025-11-12,18,52,3,2,6423.94,29011.17,22587.23,0,
637,TX0000637,2025-08-08,41,150,1,1,11380.55,51784.77,40404.22,0,
638,TX0000638,2025-11-25,84,66,2,2,15734.64,51373.38,35638.74,0,
639,TX0000639,2025-09-03,96,36,2,2,13623.65,30268.64,16644.99,0,
640,TX0000640,2025-11-27,95,82,3,1,9790.73,15321.48,5530.75,0,
641,TX0000641,2025-11-17,75,37,1,3,17836.81,27738.76,9901.95,0,
642,TX0000642,2025-10-25,20,5,3,2,17006.79,48624.95,31618.16,0,
643,TX0000643,2025-10-04,57,10,2,3,11076.72,38295.84,27219.12,0,
644,TX0000644,2025-10-29,40,97,3,2,7910.72,52493.45,44582.73,0,
645,TX0000645,2025-07-06,36,123,3,1,10072.35,14691.0,4618.65,0,
646,TX0000646,2025-03-23,64,45,1,3,15168.4,22272.9,7104.5,0,
647,TX0000647,2025-07-03,150,39,1,1,14744.8,38971.62,24226.82,0,
648,TX0000648,2025-01-22,129,62,3,1,1350.94,19885.76,18534.82,0,
649,TX0000649,2025-01-24,137,96,1,3,7823.05,53726.36,45903.31,0,
650,TX0000650,2025-05-21,86,27,3,2,14104.35,40220.86,26116.51,0,
651,TX0000651,2025-10-28,145,47,3,1,7595.53,26583.6,18988.07,0,
652,TX0000652,2025-09-22,137,67,2,2,7588.94,52960.34,45371.4,0,
653,TX0000653,2025-01-04,92,129,3,1,15873.88,60243.76,44369.88,0,
654,TX0000654,2025-05-24,116,45,1,1,4676.82,30452.43,25775.61,0,
655,TX0000655,2025-03-02,50,42,3,1,7308.24,43201.65,35893.41,0,
656,TX0000656,2025-09-03,110,88,2,1,14433.09,38560.77,24127.68,0,
657,TX0000657,2025-10-21,44,109,3,1,546.68,2799.58,2252.9,0,
658,TX0000658,2025-01-29,36,136,1,2,879.9,29536.14,28656.24,0,
659,TX0000659,2025-10-16,49,137,3,1,19168.94,49176.88,30007.94,0,
660,TX0000660,2025-08-30,76,22,2,1,4410.21,34775.85,30365.64,0,
661,TX0000661,2025-04-04,59,109,3,3,12056.69,51808.03,39751.34,0,
662,TX0000662,2025-08-21,135,71,3,3,3437.66,37748.66,34311.0,0,
663,TX0000663,2025-01-09,18,61,1,3,7626.41,14323.85,6697.44,0,
664,TX0000664,2025-04-01,134,111,2,3,16547.63,46862.63,30315.0,0,
665,TX0000665,2025-09-04,10,142,3,1,10116.25,16080.32,5964.07,0,
666,TX0000666,2025-11-29,144,1,2,3,17949.68,56715.71,38766.03,0,
667,TX0000667,2025-08-08,111,98,1,2,17509.0,52421.38,34912.38,0,
668,TX0000668,2025-12-23,101,93,3,1,11822.06,48917.62,37095.56,0,
669,TX0000669,2025-02-12,112,36,2,3,5164.91,43481.27,38316.36,0,
670,TX0000670,2025-01-04,145,108,3,3,5230.32,5603.25,372.93,0,
671,TX0000671,2025-12-19,31,138,2,2,243.16,33005.01,32761.85,0,
672,TX0000672,2025-05-10,96,28,2,3,3180.09,35793.73,32613.64,0,
673,TX0000673,2025-12-15,112,150,2,1,7376.32,21226.79,13850.47,0,
674,TX0000674,2025-07-09,109,147,3,3,15697.39,39872.53,24175.14,0,
675,TX0000675,2025-12-28,128,67,2,3,19771.31,48696.1,28924.79,0,
676,TX0000676,2025-12-25,37,31,1,1,14981.5,37366.58,22385.08,0,
677,TX0000677,2025-10-09,57,135,3,3,8071.16,25059.21,16988.05,0,
678,TX0000678,2025-02-16,14,44,1,2,7843.16,39673.4,31830.24,0,
679,TX0000679,2025-02-10,115,23,3,1,1375.2,12541.54,11166.34,0,
680,TX0000680,2025-12-31,102,106,3,1,12317.92,38416.1,26098.18,0,
681,TX0000681,2025-12-03,47,131,3,2,8835.54,19000.73,10165.19,0,
682,TX0000682,2025-12-24,52,9,1,3,15700.79,41277.13,25576.34,0,
683,TX0000683,2025-03-22,46,10,1,2,7258.83,40044.28,32785.45,0,
684,TX0000684,2025-04-13,106,94,3,1,13426.27,33758.27,20332.0,0,
685,TX0000685,2025-10-14,18,24,3,2,11036.89,47371.21,36334.32,0,
686,TX0000686,2025-08-21,92,74,2,3,4603.28,52759.83,48156.55,0,
687,TX0000687,2025-10-14,2,70,1,3,3583.19,28944.47,25361.28,0,
688,TX0000688,2025-05-12,79,91,3,3,18945.61,59112.43,40166.82,0,
689,TX0000689,2025-05-05,67,117,2,2,19324.5,47526.61,28202.11,0,
690,TX0000690,2025-07-15,121,8,3,1,9691.21,22656.42,12965.21,0,
691,TX0000691,2025-10-02,61,84,1,3,8307.28,26026.78,17719.5,0,
692,TX0000692,2025-06-25,71,66,1,3,5817.06,25823.7,20006.64,0,
693,TX0000693,2025-10-21,48,126,2,1,6346.07,17352.52,11006.45,0,
694,TX0000694,2025-05-04,51,132,2,1,14768.53,26588.11,11819.58,0,
695,TX0000695,2025-07-02,61,54,1,1,16715.32,58548.42,41833.1,0,
696,TX0000696,2025-11-11,31,21,1,3,13548.66,46753.52,33204.86,0,
697,TX0000697,2025-10-22,11,128,2,2,7486.81,23326.11,15839.3,0,
698,TX0000698,2025-10-23,49,135,1,1,5677.31,16859.74,11182.43,0,
699,TX0000699,2025-09-15,139,112,2,2,9618.57,36702.89,27084.32,0,
700,TX0000700,2025-08-24,47,121,2,3,19532.49,54474.89,34942.4,0,
701,TX0000701,2025-02-21,3,4,2,2,13514.65,32548.11,19033.46,0,
702,TX0000702,2025-08-30,70,50,3,2,11016.41,22949.65,11933.24,0,
703,TX0000703,2025-12-25,97,50,2,2,10025.52,20631.09,10605.57,0,
704,TX0000704,2025-10-22,106,75,3,1,9069.51,37682.85,28613.34,0,
705,TX0000705,2025-07-15,26,73,1,1,16101.34,43912.81,27811.47,0,
706,TX0000706,2025-09-13,40,126,1,3,16132.8,25045.5,8912.7,0,
707,TX0000707,2025-06-03,137,142,2,3,14439.15,53727.26,39288.11,0,
708,TX0000708,2025-04-21,13,105,2,2,2069.6,10320.36,8250.76,0,
709,TX0000709,2025-07-04,25,119,3,3,14917.41,27979.89,13062.48,0,
710,TX0000710,2025-12-14,69,92,3,1,494.72,6644.47,6149.75,0,
711,TX0000711,2025-06-16,143,47,3,3,19589.53,33891.51,14301.98,0,
712,TX0000712,2025-05-27,129,118,2,3,17803.69,36919.13,19115.44,0,
713,TX0000713,2025-08-04,39,45,3,3,12847.55,59283.03,46435.48,0,
714,TX0000714,2025-06-10,107,19,2,3,1674.33,18921.24,17246.91,0,
715,TX0000715,2025-08-16,78,72,2,3,12147.16,31980.38,19833.22,0,
716,TX0000716,2025-01-12,138,119,1,3,8338.38,17614.3,9275.92,0,
717,TX0000717,2025-02-10,63,67,1,1,18814.7,53879.48,35064.78,0,
718,TX0000718,2025-08-31,105,27,3,1,2001.52,48847.52,46846.0,0,
719,TX0000719,2025-02-23,7,105,2,3,10527.26,60328.35,49801.09,0,
720,TX0000720,2025-06-08,41,22,1,1,13131.17,57416.19,44285.02,0,
721,TX0000721,2025-03-29,76,117,1,1,12566.97,19217.7,6650.73,0,
722,TX0000722,2025-10-04,95,87,2,3,17298.4,40711.35,23412.95,0,
723,TX0000723,2025-04-01,117,36,3,3,19393.89,54305.27,34911.38,0,
724,TX0000724,2025-10-01,120,150,2,2,8756.05,40781.4,32025.35,0,
725,TX0000725,2025-06-07,128,144,2,2,4619.86,9188.61,4568.75,0,
726,TX0000726,2025-03-11,70,41,2,2,6141.1,6245.71,104.61,0,
727,TX0000727,2025-09-02,125,142,2,1,265.51,46377.72,46112.21,0,
728,TX0000728,2025-10-08,114,78,2,1,11980.37,51839.06,39858.69,0,
729,TX0000729,2025-11-27,109,149,2,2,8798.42,21368.24,12569.82,0,
730,TX0000730,2025-09-22,59,71,3,3,1676.27,32979.89,31303.62,0,
731,TX0000731,2025-05-18,73,76,2,1,13004.3,39648.32,26644.02,0,
732,TX0000732,2025-08-22,18,49,3,2,2818.82,8425.6,5606.78,0,
733,TX0000733,2025-01-26,73,130,3,1,3837.01,4904.84,1067.83,0,
734,TX0000734,2025-08-13,50,27,3,1,5714.08,12053.54,6339.46,0,
735,TX0000735,2025-06-25,62,24,2,2,3098.61,27828.23,24729.62,0,
736,TX0000736,2025-06-19,132,99,1,1,9327.32,48919.41,39592.09,0,
737,TX0000737,2025-08-29,15,72,1,1,15535.49,19197.59,3662.1,0,
738,TX0000738,2025-05-08,67,101,2,2,16582.22,22768.1,6185.88,0,
739,TX0000739,2025-02-18,66,9,3,3,4063.68,40856.29,36792.61,0,
740,TX0000740,2025-06-15,56,126,1,3,7843.55,55908.12,48064.57,0,
741,TX0000741,2025-11-23,11,146,2,1,10466.43,23206.74,12740.31,0,
742,TX0000742,2025-02-27,96,14,1,3,17286.79,28254.42,10967.63,0,
743,TX0000743,2025-10-27,115,87,1,2,399.85,40139.93,39740.08,0,
744,TX0000744,2025-12-20,65,3,2,3,19379.82,48475.56,29095.74,0,
745,TX0000745,2025-09-13,41,99,1,3,15438.86,27950.1,12511.24,0,
746,TX0000746,2025-12-26,90,16,3,1,1289.53,33553.82,32264.29,0,
747,TX0000747,2025-11-27,34,129,2,2,4730.23,53815.85,49085.62,0,
748,TX0000748,2025-03-10,52,6,2,1,13816.07,31788.63,17972.56,0,
749,TX0000749,2025-09-08,129,116,1,3,11224.59,38407.02,27182.43,0,
750,TX0000750,2025-05-21,50,145,3,3,7018.53,43665.41,36646.88,0,
751,TX0000751,2025-05-15,44,18,3,2,10669.63,33193.9,22524.27,0,
752,TX0000752,2025-04-05,120,1,1,3,15540.77,40888.06,25347.29,0,
753,TX0000753,2025-10-03,97,64,2,1,6481.81,9742.56,3260.75,0,
754,TX0000754,2025-05-25,139,132,2,2,15338.11,23129.27,7791.16,0,
755,TX0000755,2025-01-23,86,29,1,1,2015.5,34994.16,32978.66,0,
756,TX0000756,2025-01-17,9,54,3,3,2230.4,11892.07,9661.67,0,
757,TX0000757,2025-05-12,103,130,1,2,10563.85,45659.42,35095.57,0,
758,TX0000758,2025-12-02,59,19,2,1,360.41,46420.07,46059.66,0,
759,TX0000759,2025-08-01,124,16,2,3,7282.43,44481.95,37199.52,0,
760,TX0000760,2025-06-05,15,72,1,1,10627.51,47369.1,36741.59,0,
761,TX0000761,2025-07-17,137,25,1,1,2114.38,13742.18,11627.8,0,
762,TX0000762,2025-10-13,139,66,3,3,11443.55,58823.97,47380.42,0,
763,TX0000763,2025-12-12,110,28,2,3,15349.04,44219.57,28870.53,0,
764,TX0000764,2025-07-25,113,27,3,2,3419.51,12521.3,9101.79,0,
765,TX0000765,2025-06-30,42,142,2,3,19968.83,42175.14,22206.31,0,
766,TX0000766,2025-06-15,87,99,3,1,8305.63,40004.35,31698.72,0,
767,TX0000767,2025-05-11,150,145,2,2,4357.17,42666.01,38308.84,0,
768,TX0000768,2025-05-26,118,105,3,1,103.89,1933.57,1829.68,0,
769,TX0000769,2025-06-03,137,36,1,1,19868.9,35030.8,15161.9,0,
770,TX0000770,2025-05-22,84,6,3,3,15453.31,62626.37,47173.06,0,
771,TX0000771,2025-03-21,148,41,1,2,1976.31,25048.76,23072.45,0,
772,TX0000772,2025-02-17,97,66,3,2,4736.58,45309.18,40572.6,0,
773,TX0000773,2025-03-30,58,20,2,3,14499.25,54165.17,39665.92,0,
774,TX0000774,2025-07-15,25,80,1,1,843.69,41279.91,40436.22,0,
775,TX0000775,2025-03-03,89,93,1,3,17607.87,39379.66,21771.79,0,
776,TX0000776,2025-06-13,3,101,3,3,1177.15,27443.88,26266.73,0,
777,TX0000777,2025-01-26,40,87,3,3,10097.79,21215.57,11117.78,0,
778,TX0000778,2025-02-16,104,118,1,2,15081.52,43886.74,28805.22,0,
779,TX0000779,2025-09-01,78,104,3,3,3045.45,19920.24,16874.79,0,
780,TX0000780,2025-09-14,13,146,2,3,8043.91,12389.35,4345.44,0,
781,TX0000781,2025-07-22,35,36,3,3,9670.36,19655.98,9985.62,0,
782,TX0000782,2025-05-07,53,149,1,1,12358.34,49168.16,36809.82,0,
783,TX0000783,2025-02-15,72,114,1,3,6535.89,52750.38,46214.49,0,
784,TX0000784,2025-06-26,109,112,3,3,7368.83,16974.27,9605.44,0,
785,TX0000785,2025-08-15,7,82,3,1,3468.18,21019.03,17550.85,0,
786,TX0000786,2025-12-17,116,12,2,1,18491.84,30242.97,11751.13,0,
787,TX0000787,2025-11-14,22,29,1,2,14817.67,27045.78,12228.11,0,
788,TX0000788,2025-08-19,4,91,2,1,13906.52,19559.29,5652.77,0,
789,TX0000789,2025-10-07,88,56,3,2,14826.26,25498.84,10672.58,0,
790,TX0000790,2025-12-22,146,128,3,3,12498.54,62114.42,49615.88,0,
791,TX0000791,2025-01-23,5,100,2,1,11701.8,44911.86,33210.06,0,
792,TX0000792,2025-05-19,16,76,1,2,4093.85,38950.53,34856.68,0,
793,TX0000793,2025-12-04,3,18,2,1,7834.04,21472.43,13638.39,0,
794,TX0000794,2025-04-29,5,78,2,3,17361.47,49867.09,32505.62,0,
795,TX0000795,2025-02-15,26,84,1,1,9744.78,39640.39,29895.61,0,
796,TX0000796,2025-01-21,133,121,1,3,11257.68,46909.89,35652.21,0,
797,TX0000797,2025-01-10,82,89,2,3,9849.66,47094.76,37245.1,0,
798,TX0000798,2025-09-14,94,81,2,1,4800.47,53714.86,48914.39,0,
799,TX0000799,2025-01-16,69,103,3,2,17819.0,58580.45,40761.45,0,
800,TX0000800,2025-03-12,60,40,1,3,6901.54,26604.59,19703.05,0,
801,TX0000801,2025-11-17,101,138,3,1,19216.05,49877.22,30661.17,0,
802,TX0000802,2025-06-09,110,64,3,2,11500.68,32881.28,21380.6,0,
803,TX0000803,2025-10-25,118,144,3,3,2722.27,35380.66,32658.39,0,
804,TX0000804,2025-09-26,54,37,1,2,6249.07,41535.38,35286.31,0,
805,TX0000805,2025-10-13,39,150,3,3,18350.53,34293.59,15943.06,0,
806,TX0000806,2025-01-16,31,50,2,2,6420.19,50414.13,43993.94,0,
807,TX0000807,2025-11-23,109,81,3,2,8915.79,55610.84,46695.05,0,
808,TX0000808,2025-11-10,40,51,3,2,2224.75,11543.6,9318.85,0,
809,TX0000809,2025-09-02,62,7,1,3,7249.3,41687.55,34438.25,0,
810,TX0000810,2025-08-31,125,99,1,1,3761.13,23195.4,19434.27,0,
811,TX0000811,2025-01-08,52,60,2,2,741.37,38991.86,38250.49,0,
812,TX0000812,2025-08-13,59,54,3,2,15179.75,18579.95,3400.2,0,
813,TX0000813,2025-01-22,87,121,3,3,17762.98,39198.01,21435.03,0,
814,TX0000814,2025-10-20,101,84,3,3,7943.6,54906.64,46963.04,0,
815,TX0000815,2025-01-22,139,10,1,3,10460.92,33096.24,22635.32,0,
816,TX0000816,2025-07-18,143,105,3,3,19678.23,21736.89,2058.66,0,
817,TX0000817,2025-06-05,13,51,2,2,5894.47,25856.66,19962.19,0,
818,TX0000818,2025-12-20,45,112,3,1,5958.95,51918.69,45959.74,0,
819,TX0000819,2025-04-03,123,119,3,3,1899.77,26982.59,25082.82,0,
820,TX0000820,2025-01-13,145,36,1,2,7922.03,24162.73,16240.7,0,
821,TX0000821,2025-11-29,54,120,3,1,1894.58,18165.91,16271.33,0,
822,TX0000822,2025-07-05,32,24,1,3,2371.88,24896.86,22524.98,0,
823,TX0000823,2025-10-09,102,135,2,1,12280.24,20359.23,8078.99,0,
824,TX0000824,2025-03-18,46,89,1,1,11353.28,44363.84,33010.56,0,
825,TX0000825,2025-08-17,48,14,2,3,8449.68,23994.64,15544.96,0,
826,TX0000826,2025-01-02,49,31,3,2,17980.98,66006.63,48025.65,0,
827,TX0000827,2025-01-03,4,121,3,2,10002.79,34985.04,24982.25,0,
828,TX0000828,2025-07-29,63,58,2,1,11818.36,35656.39,23838.03,0,
829,TX0000829,2025-11-18,2,65,3,1,17655.14,31632.98,13977.84,0,
830,TX0000830,2025-01-19,13,50,1,1,3050.3,35748.82,32698.52,0,
831,TX0000831,2025-08-02,80,88,1,1,18415.66,20962.33,2546.67,0,
832,TX0000832,2025-10-24,76,149,2,1,3630.64,26452.0,22821.36,0,
833,TX0000833,2025-02-04,24,80,2,3,6524.15,51410.89,44886.74,0,
834,TX0000834,2025-05-21,17,78,2,3,9469.26,15658.22,6188.96,0,
835,TX0000835,2025-01-30,109,139,1,3,4275.92,14807.56,10531.64,0,
836,TX0000836,2025-12-28,140,23,2,2,9724.89,44188.74,34463.85,0,
837,TX0000837,2025-07-01,85,70,1,3,10555.29,60307.0,49751.71,0,
838,TX0000838,2025-09-10,150,132,1,3,10442.15,42071.84,31629.69,0,
839,TX0000839,2025-01-13,62,78,2,3,19587.23,19766.12,178.89,0,
840,TX0000840,2025-07-31,31,56,1,2,16011.33,65960.78,49949.45,0,
841,TX0000841,2025-11-24,93,149,1,3,16140.27,26835.93,10695.66,0,
842,TX0000842,2025-09-17,76,69,3,2,15824.89,31282.74,15457.85,0,
843,TX0000843,2025-10-19,2,30,3,1,13748.13,30882.07,17133.94,0,
844,TX0000844,2025-12-11,47,52,2,2,6677.25,23640.3,16963.05,0,
845,TX0000845,2025-10-02,10,36,2,2,9681.76,41079.06,31397.3,0,
846,TX0000846,2025-12-14,109,15,2,3,16718.6,31755.85,15037.25,0,
847,TX0000847,2025-07-01,143,5,1,1,4244.42,38550.54,34306.12,0,
848,TX0000848,2025-10-01,75,8,1,3,6849.13,25673.64,18824.51,0,
849,TX0000849,2025-06-07,103,50,3,2,11944.32,55187.55,43243.23,0,
850,TX0000850,2025-05-02,9,73,2,2,8336.0,33239.02,24903.02,0,
851,TX0000851,2025-07-11,81,58,1,1,10549.5,19382.64,8833.14,0,
852,TX0000852,2025-09-14,24,117,1,1,10169.29,50140.65,39971.36,0,
853,TX0000853,2025-06-17,91,128,1,1,14675.58,40904.62,26229.04,0,
854,TX0000854,2025-07-18,137,35,3,3,4183.22,6107.19,1923.97,0,
855,TX0000855,2025-11-01,30,2,1,2,6288.53,8585.63,2297.1,0,
856,TX0000856,2025-06-09,124,12,1,3,2151.75,40484.14,38332.39,0,
857,TX0000857,2025-05-22,83,56,3,2,6485.52,16193.55,9708.03,0,
858,TX0000858,2025-02-28,116,31,1,3,5525.82,13484.87,7959.05,0,
859,TX0000859,2025-10-09,149,136,2,2,2137.27,29309.45,27172.18,0,
860,TX0000860,2025-06-09,38,76,3,2,11524.25,20170.87,8646.62,0,
861,TX0000861,2025-12-12,144,117,1,1,1109.45,2656.19,1546.74,0,
862,TX0000862,2025-12-27,102,14,3,3,1813.78,21470.43,19656.65,0,
863,TX0000863,2025-12-10,118,95,3,1,6317.57,47207.92,40890.35,0,
864,TX0000864,2025-12-24,124,35,2,1,1949.03,42086.32,40137.29,0,
865,TX0000865,2025-08-27,120,83,2,1,13721.11,49260.88,35539.77,0,
866,TX0000866,2025-07-06,60,38,2,1,17235.82,48121.23,30885.41,0,
867,TX0000867,2025-09-01,88,87,1,2,9120.33,10730.51,1610.18,0,
868,TX0000868,2025-06-28,127,123,3,3,16930.75,31115.39,14184.64,0,
869,TX0000869,2025-02-24,34,135,2,3,2148.35,43044.24,40895.89,0,
870,TX0000870,2025-07-31,19,81,1,3,10701.64,30802.38,20100.74,0,
871,TX0000871,2025-02-03,65,146,2,1,3264.5,27435.0,24170.5,0,
872,TX0000872,2025-12-22,114,115,1,1,11387.5,28563.32,17175.82,0,
873,TX0000873,2025-06-16,20,129,3,1,2375.02,32219.19,29844.17,0,
874,TX0000874,2025-11-03,117,48,1,3,6229.91,26579.02,20349.11,0,
875,TX0000875,2025-02-16,101,87,1,1,9936.47,42978.69,33042.22,0,
876,TX0000876,2025-05-30,1,39,2,3,13251.54,35954.96,22703.42,0,
877,TX0000877,2025-06-03,118,53,3,3,4192.67,48076.2,43883.53,0,
878,TX0000878,2025-02-15,81,115,3,1,14384.05,60148.43,45764.38,0,
879,TX0000879,2025-02-01,135,107,2,3,16967.97,59607.98,42640.01,0,
880,TX0000880,2025-07-03,14,1,1,2,14096.75,55152.34,41055.59,0,
881,TX0000881,2025-11-17,8,63,2,3,8691.14,38240.32,29549.18,0,
882,TX0000882,2025-12-06,101,107,1,2,7693.14,34994.57,27301.43,0,
883,TX0000883,2025-07-04,37,51,2,1,11152.89,53334.94,42182.05,0,
884,TX0000884,2025-01-09,77,34,1,3,2772.12,6452.25,3680.13,0,
885,TX0000885,2025-03-12,129,115,3,2,19502.0,26377.21,6875.21,0,
886,TX0000886,2025-08-06,120,112,3,2,12502.64,35276.92,22774.28,0,
887,TX0000887,2025-01-04,102,94,3,2,4592.24,25888.36,21296.12,0,
888,TX0000888,2025-10-23,63,133,2,1,5458.08,51793.65,46335.57,0,
889,TX0000889,2025-09-04,10,128,3,1,14127.16,19874.06,5746.9,0,
890,TX0000890,2025-05-24,38,139,2,3,19673.22,68858.27,49185.05,0,
891,TX0000891,2025-08-30,21,138,3,3,17809.32,22322.79,4513.47,0,
892,TX0000892,2025-01-28,20,144,2,3,15982.15,31675.89,15693.74,0,
893,TX0000893,2025-10-21,3,125,3,2,9135.29,54447.44,45312.15,0,
894,TX0000894,2025-05-29,111,94,1,1,19215.57,59146.91,39931.34,0,
895,TX0000895,2025-10-24,81,150,1,3,5282.82,36784.89,31502.07,0,
896,TX0000896,2025-05-27,14,78,2,1,16197.03,47450.45,31253.42,0,
897,TX0000897,2025-05-10,34,134,1,3,1629.56,40839.32,39209.76,0,
898,TX0000898,2025-02-27,75,74,3,1,17171.38,17980.11,808.73,0,
899,TX0000899,2025-12-25,40,118,1,2,7458.36,16310.79,8852.43,0,
900,TX0000900,2025-02-13,49,140,1,3,17254.09,34462.2,17208.11,0,
901,TX0000901,2025-07-16,41,131,1,3,15079.95,35786.05,20706.1,0,
902,TX0000902,2025-06-26,116,45,1,3,4296.05,41040.67,36744.62,0,
903,TX0000903,2025-09-01,71,30,2,2,1145.21,24399.55,23254.34,0,
904,TX0000904,2025-08-31,142,62,2,1,7658.04,42967.87,35309.83,0,
905,TX0000905,2025-08-18,140,115,2,3,336.07,46704.47,46368.4,0,
906,TX0000906,2025-09-30,84,140,3,2,13689.24,15836.02,2146.78,0,
907,TX0000907,2025-02-20,114,73,2,3,6765.85,20193.53,13427.68,0,
908,TX0000908,2025-12-11,104,123,3,1,15485.71,52965.35,37479.64,0,
909,TX0000909,2025-06-10,138,90,3,1,13586.59,63248.01,49661.42,0,
910,TX0000910,2025-02-23,3,18,3,2,338.03,5313.2,4975.17,0,
911,TX0000911,2025-01-18,93,59,1,3,14532.49,27202.11,12669.62,0,
912,TX0000912,2025-04-22,24,15,3,3,18776.26,51640.88,32864.62,0,
913,TX0000913,2025-07-12,32,31,3,3,1819.09,32092.91,30273.82,0,
914,TX0000914,2025-05-10,150,50,2,2,17930.43,52743.55,34813.12,0,
915,TX0000915,2025-08-07,20,120,3,3,18461.64,32353.18,13891.54,0,
916,TX0000916,2025-02-01,86,69,2,2,3323.12,7115.57,3792.45,0,
917,TX0000917,2025-04-02,89,16,2,1,5238.95,45897.71,40658.76,0,
918,TX0000918,2025-09-09,130,54,1,1,12245.01,21249.27,9004.26,0,
919,TX0000919,2025-08-15,144,114,3,2,4445.89,36648.46,32202.57,0,
920,TX0000920,2025-05-09,27,9,2,1,1551.1,30161.19,28610.09,0,
921,TX0000921,2025-01-20,132,40,3,2,13092.02,13235.32,143.3,0,
922,TX0000922,2025-10-22,72,40,1,3,14031.1,59271.52,45240.42,0,
923,TX0000923,2025-02-05,130,127,3,1,8777.55,50995.6,42218.05,0,
924,TX0000924,2025-09-04,1,102,1,3,19087.69,60004.73,40917.04,0,
925,TX0000925,2025-01-29,143,95,3,3,6735.45,21946.57,15211.12,0,
926,TX0000926,2025-02-11,24,97,2,2,10739.06,58789.24,48050.18,0,
927,TX0000927,2025-12-05,54,48,1,2,11134.06,59512.96,48378.9,0,
928,TX0000928,2025-02-13,103,28,3,2,12649.28,30676.41,18027.13,0,
929,TX0000929,2025-10-31,51,37,1,2,810.4,2176.09,1365.69,0,
930,TX0000930,2025-09-13,103,17,3,2,15875.51,48081.55,32206.04,0,
931,TX0000931,2025-01-22,5,10,2,1,6851.77,23803.93,16952.16,0,
932,TX0000932,2025-10-02,57,138,1,3,9221.57,43157.65,33936.08,0,
933,TX0000933,2025-12-01,62,19,1,2,833.87,7999.23,7165.36,0,
934,TX0000934,2025-03-30,12,65,3,1,14055.81,20669.64,6613.83,0,
935,TX0000935,2025-10-30,82,25,1,1,9178.07,17795.47,8617.4,0,
936,TX0000936,2025-02-02,30,132,1,2,11940.05,42759.91,30819.86,0,
937,TX0000937,2025-10-22,90,106,3,1,6552.28,55347.36,48795.08,0,
938,TX0000938,2025-06-21,86,57,1,1,15308.13,45003.08,29694.95,0,
939,TX0000939,2025-07-09,74,38,3,1,15175.25,23660.99,8485.74,0,
940,TX0000940,2025-02-21,116,65,3,3,18520.94,20651.81,2130.87,0,
941,TX0000941,2025-01-04,100,42,1,1,411.04,24810.72,24399.68,0,
942,TX0000942,2025-09-01,23,76,3,1,8382.82,48772.67,40389.85,0,
943,TX0000943,2025-07-30,55,38,1,1,12832.53,39034.56,26202.03,0,
944,TX0000944,2025-02-15,10,49,3,2,14372.26,45013.55,30641.29,0,
945,TX0000945,2025-03-02,93,111,3,1,190.94,12049.33,11858.39,0,
946,TX0000946,2025-11-17,96,144,3,1,10200.06,33464.44,23264.38,0,
947,TX0000947,2025-12-17,74,14,2,2,3955.01,43806.0,39850.99,0,
948,TX0000948,2025-11-27,48,42,2,2,13435.84,15687.31,2251.47,0,
949,TX0000949,2025-08-21,56,115,1,1,5102.5,35981.79,30879.29,0,
950,TX0000950,2025-09-06,14,143,3,1,3600.16,42896.21,39296.05,0,
951,TX0000951,2025-06-16,19,63,2,1,14455.92,44131.98,29676.06,0,
952,TX0000952,2025-02-20,87,61,1,3,15601.61,31975.61,16374.0,0,
953,TX0000953,2025-08-30,109,54,3,2,7573.09,18684.16,11111.07,0,
954,TX0000954,2025-08-21,14,115,1,2,2984.33,49385.9,46401.57,0,
955,TX0000955,2025-07-03,99,36,2,1,9209.03,18997.36,9788.33,0,
956,TX0000956,2025-05-24,89,34,1,1,738.68,29215.11,28476.43,0,
957,TX0000957,2025-04-23,124,121,2,3,8422.65,46463.6,38040.95,0,
958,TX0000958,2025-04-28,42,46,1,2,11604.62,39287.13,27682.51,0,
959,TX0000959,2025-08-31,138,130,2,2,17257.76,28158.25,10900.49,0,
960,TX0000960,2025-06-17,4,113,2,3,14749.96,27158.0,12408.04,0,
961,TX0000961,2025-08-02,59,40,1,1,18283.72,63206.48,44922.76,0,
962,TX0000962,2025-09-03,125,134,3,1,769.05,27372.02,26602.97,0,
963,TX0000963,2025-01-07,119,131,3,3,4886.18,32854.68,27968.5,0,
964,TX0000964,2025-11-28,108,58,1,1,2740.97,17600.91,14859.94,0,
965,TX0000965,2025-10-20,127,82,3,3,3319.88,26338.09,23018.21,0,
966,TX0000966,2025-12-27,7,120,2,1,9328.84,16346.17,7017.33,0,
967,TX0000967,2025-11-18,98,123,1,2,14107.65,14275.7,168.05,0,
968,TX0000968,2025-05-19,89,140,3,3,751.01,22103.53,21352.52,0,
969,TX0000969,2025-06-21,144,56,3,1,15775.07,19914.93,4139.86,0,
970,TX0000970,2025-07-07,136,97,2,3,17770.76,23407.99,5637.23,0,
971,TX0000971,2025-07-07,11,141,1,1,128870.33,156853.97,27983.64,1,MULE_RECEIVE
972,TX0000972,2025-07-07,141,149,3,6,128870.33,128870.33,0.0,1,MULE_SEND_ZERO_BAL
973,TX0000973,2025-06-21,55,122,2,1,157384.72,163151.25,5766.53,1,MULE_RECEIVE
974,TX0000974,2025-06-21,122,56,3,6,157384.72,157384.72,0.0,1,MULE_SEND_ZERO_BAL
975,TX0000975,2025-06-30,60,141,2,1,454069.87,479297.81,25227.94,1,MULE_RECEIVE
976,TX0000976,2025-06-30,141,74,3,4,454069.87,454069.87,0.0,1,MULE_SEND_ZERO_BAL
977,TX0000977,2025-06-26,17,141,1,1,253584.79,278707.15,25122.36,1,MULE_RECEIVE
978,TX0000978,2025-06-26,141,125,3,6,253584.79,253584.79,0.0,1,MULE_SEND_ZERO_BAL
979,TX0000979,2025-05-30,142,68,3,1,253390.27,271860.75,18470.48,1,MULE_RECEIVE
980,TX0000980,2025-05-30,68,17,3,4,253390.27,253390.27,0.0,1,MULE_SEND_ZERO_BAL
981,TX0000981,2025-02-11,121,33,1,1,225807.13,234829.84,9022.71,1,MULE_RECEIVE
982,TX0000982,2025-02-11,33,28,3,4,225807.13,225807.13,0.0,1,MULE_SEND_ZERO_BAL
983,TX0000983,2025-12-23,74,33,1,1,116579.32,124189.17,7609.85,1,MULE_RECEIVE
984,TX0000984,2025-12-23,33,138,3,6,116579.32,116579.32,0.0,1,MULE_SEND_ZERO_BAL
985,TX0000985,2025-08-02,6,141,1,1,486308.57,513426.17,27117.6,1,MULE_RECEIVE
986,TX0000986,2025-08-02,141,126,3,5,486308.57,486308.57,0.0,1,MULE_SEND_ZERO_BAL
987,TX0000987,2025-11-27,111,43,1,1,59667.03,69201.16,9534.13,1,MULE_RECEIVE
988,TX0000988,2025-11-27,43,62,3,6,59667.03,59667.03,0.0,1,MULE_SEND_ZERO_BAL
989,TX0000989,2025-10-24,89,43,2,1,204256.62,236594.58,32337.96,1,MULE_RECEIVE
990,TX0000990,2025-10-24,43,129,3,6,204256.62,204256.62,0.0,1,MULE_SEND_ZERO_BAL
991,TX0000991,2025-08-16,140,68,2,1,256103.19,284509.05,28405.86,1,MULE_RECEIVE
992,TX0000992,2025-08-16,68,46,3,5,256103.19,256103.19,0.0,1,MULE_SEND_ZERO_BAL
993,TX0000993,2025-07-10,61,43,1,1,486825.82,525336.33,38510.51,1,MULE_RECEIVE
994,TX0000994,2025-07-10,43,39,3,5,486825.82,486825.82,0.0,1,MULE_SEND_ZERO_BAL
995,TX0000995,2025-03-27,76,43,3,1,328383.6,336507.02,8123.42,1,MULE_RECEIVE
996,TX0000996,2025-03-27,43,77,3,4,328383.6,328383.6,0.0,1,MULE_SEND_ZERO_BAL
997,TX0000997,2025-03-24,47,122,2,1,157057.4,159210.86,2153.46,1,MULE_RECEIVE
998,TX0000998,2025-03-24,122,34,3,5,157057.4,157057.4,0.0,1,MULE_SEND_ZERO_BAL
999,TX0000999,2025-04-05,70,141,3,1,142319.91,177705.92,35386.01,1,MULE_RECEIVE
1000,TX0001000,2025-04-05,141,85,3,5,142319.91,142319.91,0.0,1,MULE_SEND_ZERO_BAL
